ds,trend,yhat_lower,yhat_upper,trend_lower,trend_upper,multiplicative_terms,multiplicative_terms_lower,multiplicative_terms_upper,yearly,yearly_lower,yearly_upper,additive_terms,additive_terms_lower,additive_terms_upper,yhat,forecast_type
2014-01-01,36006.58121110125,11627.741410556942,31314.773991056514,36006.58121110125,36006.58121110125,-0.4251136561008709,-0.4251136561008709,-0.4251136561008709,-0.4251136561008709,-0.4251136561008709,-0.4251136561008709,0.0,0.0,0.0,20699.691828757077,historical
2014-02-01,36581.80565061549,1063.774374346959,20954.491823549055,36581.80565061549,36581.80565061549,-0.695267507918262,-0.695267507918262,-0.695267507918262,-0.695267507918262,-0.695267507918262,-0.695267507918262,0.0,0.0,0.0,11147.664800761864,historical
2014-03-01,37101.36320931816,30217.754214800585,50190.72835973246,37101.36320931816,37101.36320931816,0.09268309280966038,0.09268309280966038,0.09268309280966038,0.09268309280966038,0.09268309280966038,0.09268309280966038,0.0,0.0,0.0,40540.03229901232,historical
2014-04-01,37676.5876493104,18009.300809213135,37981.03642219429,37676.5876493104,37676.5876493104,-0.25399007401853835,-0.25399007401853835,-0.25399007401853835,-0.25399007401853835,-0.25399007401853835,-0.25399007401853835,0.0,0.0,0.0,28107.108363496103,historical
2014-05-01,38233.25646059478,18031.632835854867,37440.406431533636,38233.25646059478,38233.25646059478,-0.2659437874470547,-0.2659437874470547,-0.2659437874470547,-0.2659437874470547,-0.2659437874470547,-0.2659437874470547,0.0,0.0,0.0,28065.35943102963,historical
2014-06-01,38808.480899017515,19276.665700933358,39680.09903535445,38808.480899017515,38808.480899017515,-0.2420873264816057,-0.2420873264816057,-0.2420873264816057,-0.2420873264816057,-0.2420873264816057,-0.2420873264816057,0.0,0.0,0.0,29413.439513361904,historical
2014-07-01,39365.14971039436,19894.917172822974,39316.179715314895,39365.14971039436,39365.14971039436,-0.25781159915704044,-0.25781159915704044,-0.25781159915704044,-0.25781159915704044,-0.25781159915704044,-0.25781159915704044,0.0,0.0,0.0,29216.357512501283,historical
2014-08-01,39940.374149704774,24319.488867426557,43505.990134185944,39940.374149704774,39940.374149704774,-0.1496329828151255,-0.1496329828151255,-0.1496329828151255,-0.1496329828151255,-0.1496329828151255,-0.1496329828151255,0.0,0.0,0.0,33963.97683093232,historical
2014-09-01,40515.598588142486,52974.7567434989,72790.00282461723,40515.598588142486,40515.598588142486,0.5507379246129938,0.5507379246129938,0.5507379246129938,0.5507379246129938,0.5507379246129938,0.5507379246129938,0.0,0.0,0.0,62829.07526902922,historical
2014-10-01,41072.26739953382,27567.302800755562,46689.083791075696,41072.26739953382,41072.26739953382,-0.09338940103429788,-0.09338940103429788,-0.09338940103429788,-0.09338940103429788,-0.09338940103429788,-0.09338940103429788,0.0,0.0,0.0,37236.552947970835,historical
2014-11-01,41647.49184020502,63140.013790344434,82552.00596713075,41647.49184020502,41647.49184020502,0.744543369064282,0.744543369064282,0.744543369064282,0.744543369064282,0.744543369064282,0.744543369064282,0.0,0.0,0.0,72655.85572798846,historical
2014-12-01,42204.160655801796,54887.07189114338,74029.34026651357,42204.160655801796,42204.160655801796,0.5310349722391352,0.5310349722391352,0.5310349722391352,0.5310349722391352,0.5310349722391352,0.5310349722391352,0.0,0.0,0.0,64616.04593803151,historical
2015-01-01,42779.38509858514,10922.016939290545,29860.814736339093,42779.38509858514,42779.38509858514,-0.527568678191696,-0.527568678191696,-0.527568678191696,-0.527568678191696,-0.527568678191696,-0.527568678191696,0.0,0.0,0.0,20210.321448271043,historical
2015-02-01,43354.6111366962,5787.129922181232,25266.309263095438,43354.6111366962,43354.6111366962,-0.6303863798045263,-0.6303863798045263,-0.6303863798045263,-0.6303863798045263,-0.6303863798045263,-0.6303863798045263,0.0,0.0,0.0,16024.454774401285,historical
2015-03-01,43874.40513952143,40165.63925876498,59627.222660936364,43874.40513952143,43874.40513952143,0.13273346010519027,0.13273346010519027,0.13273346010519027,0.13273346010519027,0.13273346010519027,0.13273346010519027,0.0,0.0,0.0,49698.00674374706,historical
2015-04-01,44449.89135693509,25426.991131560724,45080.57738695323,44449.89135693509,44449.89135693509,-0.20875365028652926,-0.20875365028652926,-0.20875365028652926,-0.20875365028652926,-0.20875365028652926,-0.20875365028652926,0.0,0.0,0.0,35170.814281335246,historical
2015-05-01,45006.87694672792,18834.441664790138,38535.72067956652,45006.87694672792,45006.87694672792,-0.37638844514426706,-0.37638844514426706,-0.37638844514426706,-0.37638844514426706,-0.37638844514426706,-0.37638844514426706,0.0,0.0,0.0,28066.80851194964,historical
2015-06-01,45582.94060905836,22715.866049905053,42596.504597514075,45582.94060905836,45582.94060905836,-0.27561604753110114,-0.27561604753110114,-0.27561604753110114,-0.27561604753110114,-0.27561604753110114,-0.27561604753110114,0.0,0.0,0.0,33019.55068354477,historical
2015-07-01,46140.421572603926,24972.49007398103,45069.5307891345,46140.421572603926,46140.421572603926,-0.24954784080845172,-0.24954784080845172,-0.24954784080845172,-0.24954784080845172,-0.24954784080845172,-0.24954784080845172,0.0,0.0,0.0,34626.17899516891,historical
2015-08-01,46718.33929439462,33081.300909980615,53147.116847717494,46718.33929439462,46718.33929439462,-0.08531659504262712,-0.08531659504262712,-0.08531659504262712,-0.08531659504262712,-0.08531659504262712,-0.08531659504262712,0.0,0.0,0.0,42732.489659750696,historical
2015-09-01,47298.63416728686,68252.96460757307,87042.02787168357,47298.63416728686,47298.63416728686,0.6360914038416468,0.6360914038416468,0.6360914038416468,0.6360914038416468,0.6360914038416468,0.6360914038416468,0.0,0.0,0.0,77384.88877454883,historical
2015-10-01,47860.209850730964,26525.44813149372,45920.539909507504,47860.209850730964,47860.209850730964,-0.23705906528429,-0.23705906528429,-0.23705906528429,-0.23705906528429,-0.23705906528429,-0.23705906528429,0.0,0.0,0.0,36514.51323920671,historical
2015-11-01,48445.414961178605,77602.22867152025,97202.8222992901,48445.414961178605,48445.414961178605,0.8147742245894469,0.8147742245894469,0.8147742245894469,0.8147742245894469,0.8147742245894469,0.8147742245894469,0.0,0.0,0.0,87917.4903710869,historical
2015-12-01,49015.42352128878,64361.24374738735,84525.33027261948,49015.42352128878,49015.42352128878,0.5237312069980892,0.5237312069980892,0.5237312069980892,0.5237312069980892,0.5237312069980892,0.5237312069980892,0.0,0.0,0.0,74686.33044361588,historical
2016-01-01,49604.43236673596,7926.004147328229,27271.09767230012,49604.43236673596,49604.43236673596,-0.6284837590970309,-0.6284837590970309,-0.6284837590970309,-0.6284837590970309,-0.6284837590970309,-0.6284837590970309,0.0,0.0,0.0,18428.852245015314,historical
2016-02-01,50195.09646665121,11809.816796690282,32036.43642142938,50195.09646665121,50195.09646665121,-0.5630017080936512,-0.5630017080936512,-0.5630017080936512,-0.5630017080936512,-0.5630017080936512,-0.5630017080936512,0.0,0.0,0.0,21935.17141800098,historical
2016-03-01,50748.74489656396,40528.39976136064,61100.302014758454,50748.74489656396,50748.74489656396,0.00981668735868546,0.00981668735868546,0.00981668735868546,0.00981668735868546,0.00981668735868546,0.00981668735868546,0.0,0.0,0.0,51246.92945905921,historical
2016-04-01,51340.57597681553,24134.700835387175,43356.40360324072,51340.57597681553,51340.57597681553,-0.35210683036351864,-0.35210683036351864,-0.35210683036351864,-0.35210683036351864,-0.35210683036351864,-0.35210683036351864,0.0,0.0,0.0,33263.208500581604,historical
2016-05-01,51913.50067703405,39786.40918378129,59335.79483835084,51913.50067703405,51913.50067703405,-0.04872195517653055,-0.04872195517653055,-0.04872195517653055,-0.04872195517653055,-0.04872195517653055,-0.04872195517653055,0.0,0.0,0.0,49384.173423990804,historical
2016-06-01,52505.8023964849,33818.768428703464,53016.44312546171,52505.8023964849,52505.8023964849,-0.1698534858641878,-0.1698534858641878,-0.1698534858641878,-0.1698534858641878,-0.1698534858641878,-0.1698534858641878,0.0,0.0,0.0,43587.50883134571,historical
2016-07-01,53078.9976088567,29121.84416215213,48790.38280364528,53078.9976088567,53078.9976088567,-0.26778958857234936,-0.26778958857234936,-0.26778958857234936,-0.26778958857234936,-0.26778958857234936,-0.26778958857234936,0.0,0.0,0.0,38864.994677348244,historical
2016-08-01,53672.47405464706,29341.51537452636,48785.119093437774,53672.47405464706,53672.47405464706,-0.27505614501401654,-0.27505614501401654,-0.27505614501401654,-0.27505614501401654,-0.27505614501401654,-0.27505614501401654,0.0,0.0,0.0,38909.53024781102,historical
2016-09-01,54266.74521458509,64257.91643426676,84037.93265271612,54266.74521458509,54266.74521458509,0.3717238767942135,0.3717238767942135,0.3717238767942135,0.3717238767942135,0.3717238767942135,0.3717238767942135,0.0,0.0,0.0,74438.99012675449,historical
2016-10-01,54841.84633710578,55374.70570345113,75353.15493578908,54841.84633710578,54841.84633710578,0.19259759422493403,0.19259759422493403,0.19259759422493403,0.19259759422493403,0.19259759422493403,0.19259759422493403,0.0,0.0,0.0,65404.25400448587,historical
2016-11-01,55436.413390848065,79247.17451999862,98785.96595379093,55436.413390848065,55436.413390848065,0.6066796081688927,0.6066796081688927,0.6066796081688927,0.6066796081688927,0.6066796081688927,0.6066796081688927,0.0,0.0,0.0,89068.55494509653,historical
2016-12-01,56011.80086418038,76317.60866684957,95575.85708241847,56011.80086418038,56011.80086418038,0.5407378674626303,0.5407378674626303,0.5407378674626303,0.5407378674626303,0.5407378674626303,0.5407378674626303,0.0,0.0,0.0,86299.50261621879,historical
2017-01-01,56606.36791995711,28636.859818885332,48697.67998114262,56606.36791995711,56606.36791995711,-0.32122755085115284,-0.32122755085115284,-0.32122755085115284,-0.32122755085115284,-0.32122755085115284,-0.32122755085115284,0.0,0.0,0.0,38422.84299045002,historical
2017-02-01,57200.93497816851,4490.6187711943085,22844.939951547494,57200.93497816851,57200.93497816851,-0.757581425677303,-0.757581425677303,-0.757581425677303,-0.757581425677303,-0.757581425677303,-0.757581425677303,0.0,0.0,0.0,13866.5691073329,historical
2017-03-01,57737.963287857565,51136.53538906028,70959.96625886919,57737.963287857565,57737.963287857565,0.05168264606045268,0.05168264606045268,0.05168264606045268,0.05168264606045268,0.05168264606045268,0.05168264606045268,0.0,0.0,0.0,60722.01400871532,historical
2017-04-01,58332.530345013314,30812.495130923977,50511.177978978354,58332.530345013314,58332.530345013314,-0.3017878331522623,-0.3017878331522623,-0.3017878331522623,-0.3017878331522623,-0.3017878331522623,-0.3017878331522623,0.0,0.0,0.0,40728.482409903154,historical
2017-05-01,58907.917819680166,39268.63477727593,58806.42674962081,58907.917819680166,58907.917819680166,-0.1566776646554826,-0.1566776646554826,-0.1566776646554826,-0.1566776646554826,-0.1566776646554826,-0.1566776646554826,0.0,0.0,0.0,49678.362825975586,historical
2017-06-01,59502.4848768359,37361.5656468957,56368.05956473817,59502.4848768359,59502.4848768359,-0.20680783792231305,-0.20680783792231305,-0.20680783792231305,-0.20680783792231305,-0.20680783792231305,-0.20680783792231305,0.0,0.0,0.0,47196.904628452336,historical
2017-07-01,60077.87235150275,33531.224382776745,53206.94811898953,60077.87235150275,60077.87235150275,-0.26389853400632246,-0.26389853400632246,-0.26389853400632246,-0.26389853400632246,-0.26389853400632246,-0.26389853400632246,0.0,0.0,0.0,44223.40991172221,historical
2017-08-01,60672.43940865851,38480.03782939512,57489.067367630065,60672.43940865851,60672.43940865851,-0.21291492596886197,-0.21291492596886197,-0.21291492596886197,-0.21291492596886197,-0.21291492596886197,-0.21291492596886197,0.0,0.0,0.0,47754.371463613716,historical
2017-09-01,61267.006465814244,80100.15139295465,99366.85231519969,61267.006465814244,61267.006465814244,0.4625849427878499,0.4625849427878499,0.4625849427878499,0.4625849427878499,0.4625849427878499,0.4625849427878499,0.0,0.0,0.0,89608.20114658575,historical
2017-10-01,61842.393940481095,54973.05145271933,74776.28655014842,61842.393940481095,61842.393940481095,0.049870933306447374,0.049870933306447374,0.049870933306447374,0.049870933306447374,0.049870933306447374,0.049870933306447374,0.0,0.0,0.0,64926.53184419787,historical
2017-11-01,62436.96099763685,94984.83514263591,114731.1162671747,62436.96099763685,62436.96099763685,0.6751654961815471,0.6751654961815471,0.6751654961815471,0.6751654961815471,0.6751654961815471,0.6751654961815471,0.0,0.0,0.0,104592.24274967425,historical
2017-12-01,63012.3484723037,86785.18658748014,105766.79032932498,63012.3484723037,63012.3484723037,0.5367139124415822,0.5367139124415822,0.5367139124415822,0.5367139124415822,0.5367139124415822,0.5367139124415822,0.0,0.0,0.0,96831.95255300617,historical
2018-01-01,63606.91552945944,26379.709559123046,47081.93054427072,63606.536618700775,63607.27296043615,-0.42511365610026086,-0.42511365610026086,-0.42511365610026086,-0.42511365610026086,-0.42511365610026086,-0.42511365610026086,0.0,0.0,0.0,36566.747115470476,future
2018-02-01,64201.482586615195,10364.221588204535,30075.44877410844,64200.226528986685,64202.67567731873,-0.6952675079183386,-0.6952675079183386,-0.6952675079183386,-0.6952675079183386,-0.6952675079183386,-0.6952675079183386,0.0,0.0,0.0,19564.277783956637,future
2018-03-01,64738.510896304244,60777.58821230061,79978.48807260273,64735.83289689632,64740.957218938245,0.09268309281019425,0.09268309281019425,0.09268309281019425,0.09268309281019425,0.09268309281019425,0.09268309281019425,0.0,0.0,0.0,70738.67631010019,future
2018-04-01,65333.077953459986,39102.448833892464,58754.821888683546,65328.66705652758,65337.01133612967,-0.25399007401788953,-0.25399007401788953,-0.25399007401788953,-0.25399007401788953,-0.25399007401788953,-0.25399007401788953,0.0,0.0,0.0,48739.124648244135,future
2018-05-01,65908.46542812684,39062.159824836766,58671.794540447525,65902.34324556132,65914.3462992079,-0.26594378744750535,-0.26594378744750535,-0.26594378744750535,-0.26594378744750535,-0.26594378744750535,-0.26594378744750535,0.0,0.0,0.0,48380.51850731782,future
2018-06-01,66503.03248528259,40552.81346894603,60531.16968299547,66494.95755204737,66510.83001518162,-0.24208732648194897,-0.24208732648194897,-0.24208732648194897,-0.24208732648194897,-0.24208732648194897,-0.24208732648194897,0.0,0.0,0.0,50403.491147978326,future
2018-07-01,67078.41995994945,39729.21663679901,59460.12056808111,67068.38163674089,67088.71255055457,-0.25781159915745944,-0.25781159915745944,-0.25781159915745944,-0.25781159915745944,-0.25781159915745944,-0.25781159915745944,0.0,0.0,0.0,49784.82524111923,future
2018-08-01,67672.98701710517,48231.87163913561,67635.91246346291,67660.93568591772,67685.94897769109,-0.1496329828151831,-0.1496329828151831,-0.1496329828151831,-0.1496329828151831,-0.1496329828151831,-0.1496329828151831,0.0,0.0,0.0,57546.87611372257,future
2018-09-01,68267.55407426093,96403.67098608061,115670.86491950112,68252.80331461308,68283.12873580962,0.5507379246132911,0.5507379246132911,0.5507379246132911,0.5507379246132911,0.5507379246132911,0.5507379246132911,0.0,0.0,0.0,105865.08512354502,future
2018-10-01,68842.94154892777,52477.85955900147,72052.18349362192,68825.05735159427,68860.7270348203,-0.09338940103465598,-0.09338940103465598,-0.09338940103465598,-0.09338940103465598,-0.09338940103465598,-0.09338940103465598,0.0,0.0,0.0,62413.740472209574,future
2018-11-01,69437.50860608352,111698.04751405069,130671.50015428662,69416.82841008242,69458.56966230698,0.7445433690645793,0.7445433690645793,0.7445433690645793,0.7445433690645793,0.7445433690645793,0.7445433690645793,0.0,0.0,0.0,121136.74520310765,future
2018-12-01,70012.89608075038,97549.28196969234,116814.00987782478,69989.91895538793,70037.12025824303,0.5310349722393592,0.5310349722393592,0.5310349722393592,0.5310349722393592,0.5310349722393592,0.5310349722393592,0.0,0.0,0.0,107192.1924073888,future
